Customer ID,Recency,Frequency,Monetary,R_score,F_score,M_score,RFM_Score,Segment
CUST001,39,1,150.0,5,1,3,513,Regular Customers
CUST002,309,1,1000.0,1,1,4,114,At Risk
CUST003,354,1,30.0,1,1,1,111,At Risk
CUST004,226,1,500.0,2,1,4,214,At Risk
CUST005,241,1,100.0,2,1,2,212,At Risk
CUST006,252,1,30.0,2,1,1,211,At Risk
CUST007,295,1,50.0,1,1,1,111,At Risk
CUST008,314,1,100.0,1,1,2,112,At Risk
CUST009,20,1,600.0,5,1,4,514,Regular Customers
CUST010,87,1,200.0,4,1,3,413,Regular Customers
CUST011,322,1,100.0,1,1,2,112,At Risk
CUST012,64,1,75.0,5,1,2,512,Regular Customers
CUST013,150,1,1500.0,3,1,5,315,Regular Customers
CUST014,350,1,120.0,1,1,3,113,At Risk
CUST015,351,1,2000.0,1,1,5,115,At Risk
CUST016,319,1,1500.0,1,1,5,115,At Risk
CUST017,255,1,100.0,2,1,2,212,At Risk
CUST018,247,1,50.0,2,1,1,211,At Risk
CUST019,108,1,50.0,4,1,1,411,Regular Customers
CUST020,58,1,900.0,5,1,4,514,Regular Customers
CUST021,353,1,500.0,1,1,4,114,At Risk
CUST022,79,1,100.0,4,1,2,412,Regular Customers
CUST023,265,1,120.0,2,1,3,213,At Risk
CUST024,34,1,300.0,5,1,4,514,Regular Customers
CUST025,7,1,50.0,5,1,1,511,Regular Customers
CUST026,87,1,1000.0,4,1,4,414,Regular Customers
CUST027,152,1,50.0,3,1,1,311,Regular Customers
CUST028,254,1,500.0,2,1,4,214,At Risk
CUST029,137,1,30.0,4,1,1,411,Regular Customers
CUST030,65,1,900.0,5,1,4,514,Regular Customers
CUST031,224,1,1200.0,3,1,5,315,Regular Customers
CUST032,363,1,90.0,1,1,2,112,At Risk
CUST033,285,1,100.0,2,1,2,212,At Risk
CUST034,9,1,150.0,5,1,3,513,Regular Customers
CUST035,150,1,900.0,3,1,4,314,Regular Customers
CUST036,192,1,900.0,3,1,4,314,Regular Customers
CUST037,224,1,75.0,3,1,2,312,Regular Customers
CUST038,287,1,200.0,2,1,3,213,At Risk
CUST039,256,1,120.0,2,1,3,213,At Risk
CUST040,194,1,50.0,3,1,1,311,Regular Customers
CUST041,314,1,50.0,1,1,1,111,At Risk
CUST042,319,1,900.0,1,1,4,114,At Risk
CUST043,172,1,300.0,3,1,4,314,Regular Customers
CUST044,317,1,25.0,1,1,1,111,At Risk
CUST045,183,1,30.0,3,1,1,311,Regular Customers
CUST046,190,1,1200.0,3,1,5,315,Regular Customers
CUST047,57,1,1500.0,5,1,5,515,Regular Customers
CUST048,231,1,900.0,2,1,4,214,At Risk
CUST049,344,1,1000.0,1,1,4,114,At Risk
CUST050,131,1,75.0,4,1,2,412,Regular Customers
CUST051,92,1,75.0,4,1,2,412,Regular Customers
CUST052,303,1,300.0,1,1,4,114,At Risk
CUST053,173,1,100.0,3,1,2,312,Regular Customers
CUST054,326,1,1500.0,1,1,5,115,At Risk
CUST055,84,1,120.0,4,1,3,413,Regular Customers
CUST056,216,1,900.0,3,1,4,314,Regular Customers
CUST057,45,1,30.0,5,1,1,511,Regular Customers
CUST058,50,1,1200.0,5,1,5,515,Regular Customers
CUST059,181,1,50.0,3,1,1,311,Regular Customers
CUST060,71,1,150.0,5,1,3,513,Regular Customers
CUST061,268,1,200.0,2,1,3,213,At Risk
CUST062,6,1,100.0,5,1,2,512,Regular Customers
CUST063,331,1,50.0,1,1,1,111,At Risk
CUST064,343,1,100.0,1,1,2,112,At Risk
CUST065,28,1,2000.0,5,1,5,515,Regular Customers
CUST066,250,1,30.0,2,1,1,211,At Risk
CUST067,218,1,1200.0,3,1,5,315,Regular Customers
CUST068,326,1,300.0,1,1,4,114,At Risk
CUST069,247,1,75.0,2,1,2,212,At Risk
CUST070,315,1,300.0,1,1,4,114,At Risk
CUST071,172,1,100.0,3,1,2,312,Regular Customers
CUST072,224,1,2000.0,3,1,5,315,Regular Customers
CUST073,134,1,90.0,4,1,2,412,Regular Customers
CUST074,41,1,2000.0,5,1,5,515,Regular Customers
CUST075,180,1,200.0,3,1,3,313,Regular Customers
CUST076,283,1,100.0,2,1,2,212,At Risk
CUST077,177,1,100.0,3,1,2,312,Regular Customers
CUST078,185,1,1500.0,3,1,5,315,Regular Customers
CUST079,259,1,300.0,2,1,4,214,At Risk
CUST080,23,1,60.0,5,1,2,512,Regular Customers
CUST081,230,1,50.0,2,1,1,211,At Risk
CUST082,7,1,200.0,5,1,3,513,Regular Customers
CUST083,17,1,100.0,5,1,2,512,Regular Customers
CUST084,35,1,90.0,5,1,2,512,Regular Customers
CUST085,330,1,150.0,1,1,3,113,At Risk
CUST086,55,1,90.0,5,1,2,512,Regular Customers
CUST087,41,1,100.0,5,1,2,512,Regular Customers
CUST088,279,1,500.0,2,1,4,214,At Risk
CUST089,93,1,2000.0,4,1,5,415,Regular Customers
CUST090,241,1,30.0,2,1,1,211,At Risk
CUST091,283,1,500.0,2,1,4,214,At Risk
CUST092,130,1,120.0,4,1,3,413,Regular Customers
CUST093,172,1,2000.0,3,1,5,315,Regular Customers
CUST094,228,1,1000.0,2,1,4,214,At Risk
CUST095,39,1,60.0,5,1,2,512,Regular Customers
CUST096,14,1,600.0,5,1,4,514,Regular Customers
CUST097,81,1,1000.0,4,1,4,414,Regular Customers
CUST098,254,1,100.0,2,1,2,212,At Risk
CUST099,16,1,1200.0,5,1,5,515,Regular Customers
CUST100,200,1,30.0,3,1,1,311,Regular Customers
CUST1000,265,1,120.0,2,1,3,213,At Risk
CUST101,338,1,600.0,1,1,4,114,At Risk
CUST102,249,1,50.0,2,1,1,211,At Risk
CUST103,350,1,25.0,1,1,1,111,At Risk
CUST104,205,1,1000.0,3,1,4,314,Regular Customers
CUST105,161,1,500.0,3,1,4,314,Regular Customers
CUST106,229,1,50.0,2,1,1,211,At Risk
CUST107,333,1,1200.0,1,1,5,115,At Risk
CUST108,258,1,75.0,2,1,2,212,At Risk
CUST109,76,1,2000.0,4,1,5,415,Regular Customers
CUST110,205,1,900.0,3,1,4,314,Regular Customers
CUST111,258,1,1500.0,2,1,5,215,At Risk
CUST112,31,1,1500.0,5,1,5,515,Regular Customers
CUST113,111,1,50.0,4,1,1,411,Regular Customers
CUST114,164,1,100.0,3,1,2,312,Regular Customers
CUST115,37,1,1500.0,5,1,5,515,Regular Customers
CUST116,132,1,30.0,4,1,1,411,Regular Customers
CUST117,293,1,1000.0,1,1,4,114,At Risk
CUST118,231,1,2000.0,2,1,5,215,At Risk
CUST119,295,1,150.0,1,1,3,113,At Risk
CUST120,240,1,50.0,2,1,1,211,At Risk
CUST121,79,1,200.0,4,1,3,413,Regular Customers
CUST122,91,1,120.0,4,1,3,413,Regular Customers
CUST123,232,1,60.0,2,1,2,212,At Risk
CUST124,67,1,2000.0,5,1,5,515,Regular Customers
CUST125,147,1,100.0,4,1,2,412,Regular Customers
CUST126,68,1,90.0,5,1,2,512,Regular Customers
CUST127,162,1,50.0,3,1,1,311,Regular Customers
CUST128,181,1,500.0,3,1,4,314,Regular Customers
CUST129,254,1,600.0,2,1,4,214,At Risk
CUST130,296,1,500.0,1,1,4,114,At Risk
CUST131,106,1,600.0,4,1,4,414,Regular Customers
CUST132,114,1,200.0,4,1,3,413,Regular Customers
CUST133,320,1,900.0,1,1,4,114,At Risk
CUST134,342,1,50.0,1,1,1,111,At Risk
CUST135,310,1,50.0,1,1,1,111,At Risk
CUST136,288,1,600.0,2,1,4,214,At Risk
CUST137,45,1,1000.0,5,1,4,514,Regular Customers
CUST138,285,1,200.0,2,1,3,213,At Risk
CUST139,18,1,2000.0,5,1,5,515,Regular Customers
CUST140,150,1,30.0,3,1,1,311,Regular Customers
CUST141,61,1,50.0,5,1,1,511,Regular Customers
CUST142,334,1,1200.0,1,1,5,115,At Risk
CUST143,169,1,50.0,3,1,1,311,Regular Customers
CUST144,171,1,1500.0,3,1,5,315,Regular Customers
CUST145,61,1,75.0,5,1,2,512,Regular Customers
CUST146,127,1,200.0,4,1,3,413,Regular Customers
CUST147,96,1,300.0,4,1,4,414,Regular Customers
CUST148,238,1,60.0,2,1,2,212,At Risk
CUST149,83,1,75.0,4,1,2,412,Regular Customers
CUST150,361,1,120.0,1,1,3,113,At Risk
CUST151,18,1,50.0,5,1,1,511,Regular Customers
CUST152,308,1,2000.0,1,1,5,115,At Risk
CUST153,17,1,1000.0,5,1,4,514,Regular Customers
CUST154,92,1,900.0,4,1,4,414,Regular Customers
CUST155,230,1,2000.0,2,1,5,215,At Risk
CUST156,38,1,100.0,5,1,2,512,Regular Customers
CUST157,192,1,2000.0,3,1,5,315,Regular Customers
CUST158,309,1,600.0,1,1,4,114,At Risk
CUST159,216,1,200.0,3,1,3,313,Regular Customers
CUST160,144,1,100.0,4,1,2,412,Regular Customers
CUST161,286,1,1000.0,2,1,4,214,At Risk
CUST162,134,1,60.0,4,1,2,412,Regular Customers
CUST163,365,1,150.0,1,1,3,113,At Risk
CUST164,232,1,1500.0,2,1,5,215,At Risk
CUST165,110,1,1200.0,4,1,5,415,Regular Customers
CUST166,275,1,2000.0,2,1,5,215,At Risk
CUST167,107,1,150.0,4,1,3,413,Regular Customers
CUST168,312,1,300.0,1,1,4,114,At Risk
CUST169,46,1,1500.0,5,1,5,515,Regular Customers
CUST170,214,1,50.0,3,1,1,311,Regular Customers
CUST171,39,1,900.0,5,1,4,514,Regular Customers
CUST172,107,1,50.0,4,1,1,411,Regular Customers
CUST173,55,1,120.0,5,1,3,513,Regular Customers
CUST174,265,1,300.0,2,1,4,214,At Risk
CUST175,288,1,100.0,2,1,2,212,At Risk
CUST176,175,1,100.0,3,1,2,312,Regular Customers
CUST177,284,1,100.0,2,1,2,212,At Risk
CUST178,90,1,60.0,4,1,2,412,Regular Customers
CUST179,95,1,300.0,4,1,4,414,Regular Customers
CUST180,366,1,900.0,1,1,4,114,At Risk
CUST181,60,1,1200.0,5,1,5,515,Regular Customers
CUST182,201,1,120.0,3,1,3,313,Regular Customers
CUST183,116,1,900.0,4,1,4,414,Regular Customers
CUST184,357,1,200.0,1,1,3,113,At Risk
CUST185,309,1,25.0,1,1,1,111,At Risk
CUST186,181,1,200.0,3,1,3,313,Regular Customers
CUST187,209,1,100.0,3,1,2,312,Regular Customers
CUST188,244,1,75.0,2,1,2,212,At Risk
CUST189,337,1,50.0,1,1,1,111,At Risk
CUST190,243,1,90.0,2,1,2,212,At Risk
CUST191,76,1,25.0,4,1,1,411,Regular Customers
CUST192,326,1,100.0,1,1,2,112,At Risk
CUST193,323,1,1500.0,1,1,5,115,At Risk
CUST194,118,1,200.0,4,1,3,413,Regular Customers
CUST195,331,1,30.0,1,1,1,111,At Risk
CUST196,94,1,900.0,4,1,4,414,Regular Customers
CUST197,302,1,200.0,1,1,3,113,At Risk
CUST198,301,1,900.0,1,1,4,114,At Risk
CUST199,29,1,1500.0,5,1,5,515,Regular Customers
CUST200,123,1,150.0,4,2,3,423,Regular Customers
CUST201,85,1,25.0,4,2,1,421,Regular Customers
CUST202,282,1,1200.0,2,2,5,225,At Risk
CUST203,231,1,1000.0,2,2,4,224,At Risk
CUST204,96,1,25.0,4,2,1,421,Regular Customers
CUST205,56,1,25.0,5,2,1,521,Regular Customers
CUST206,150,1,25.0,3,2,1,321,Regular Customers
CUST207,258,1,50.0,2,2,1,221,At Risk
CUST208,90,1,200.0,4,2,3,423,Regular Customers
CUST209,13,1,200.0,5,2,3,523,Regular Customers
CUST210,264,1,200.0,2,2,3,223,At Risk
CUST211,1,1,1500.0,5,2,5,525,Regular Customers
CUST212,207,1,1500.0,3,2,5,325,Regular Customers
CUST213,162,1,1500.0,3,2,5,325,Regular Customers
CUST214,23,1,60.0,5,2,2,522,Regular Customers
CUST215,34,1,1500.0,5,2,5,525,Regular Customers
CUST216,175,1,100.0,3,2,2,322,Regular Customers
CUST217,142,1,200.0,4,2,3,423,Regular Customers
CUST218,102,1,90.0,4,2,2,422,Regular Customers
CUST219,135,1,90.0,4,2,2,422,Regular Customers
CUST220,305,1,500.0,1,2,4,124,At Risk
CUST221,240,1,600.0,2,2,4,224,At Risk
CUST222,251,1,120.0,2,2,3,223,At Risk
CUST223,334,1,25.0,1,2,1,121,At Risk
CUST224,193,1,50.0,3,2,1,321,Regular Customers
CUST225,356,1,100.0,1,2,2,122,At Risk
CUST226,65,1,50.0,5,2,1,521,Regular Customers
CUST227,83,1,100.0,4,2,2,422,Regular Customers
CUST228,249,1,60.0,2,2,2,222,At Risk
CUST229,65,1,90.0,5,2,2,522,Regular Customers
CUST230,254,1,25.0,2,2,1,221,At Risk
CUST231,363,1,150.0,1,2,3,123,At Risk
CUST232,330,1,25.0,1,2,1,121,At Risk
CUST233,4,1,600.0,5,2,4,524,Regular Customers
CUST234,43,1,50.0,5,2,1,521,Regular Customers
CUST235,336,1,1000.0,1,2,4,124,At Risk
CUST236,249,1,25.0,2,2,1,221,At Risk
CUST237,332,1,1000.0,1,2,4,124,At Risk
CUST238,350,1,500.0,1,2,4,124,At Risk
CUST239,197,1,1500.0,3,2,5,325,Regular Customers
CUST240,330,1,300.0,1,2,4,124,At Risk
CUST241,103,1,75.0,4,2,2,422,Regular Customers
CUST242,245,1,25.0,2,2,1,221,At Risk
CUST243,224,1,900.0,3,2,4,324,Regular Customers
CUST244,24,1,100.0,5,2,2,522,Regular Customers
CUST245,118,1,90.0,4,2,2,422,Regular Customers
CUST246,257,1,50.0,2,2,1,221,At Risk
CUST247,90,1,60.0,4,2,2,422,Regular Customers
CUST248,299,1,900.0,1,2,4,124,At Risk
CUST249,74,1,50.0,4,2,1,421,Regular Customers
CUST250,71,1,50.0,5,2,1,521,Regular Customers
CUST251,124,1,200.0,4,2,3,423,Regular Customers
CUST252,242,1,300.0,2,2,4,224,At Risk
CUST253,124,1,2000.0,4,2,5,425,Regular Customers
CUST254,158,1,500.0,3,2,4,324,Regular Customers
CUST255,269,1,30.0,2,2,1,221,At Risk
CUST256,318,1,1000.0,1,2,4,124,At Risk
CUST257,317,1,2000.0,1,2,5,125,At Risk
CUST258,29,1,50.0,5,2,1,521,Regular Customers
CUST259,146,1,200.0,4,2,3,423,Regular Customers
CUST260,185,1,60.0,3,2,2,322,Regular Customers
CUST261,150,1,50.0,3,2,1,321,Regular Customers
CUST262,156,1,120.0,3,2,3,323,Regular Customers
CUST263,127,1,60.0,4,2,2,422,Regular Customers
CUST264,339,1,900.0,1,2,4,124,At Risk
CUST265,22,1,900.0,5,2,4,524,Regular Customers
CUST266,32,1,60.0,5,2,2,522,Regular Customers
CUST267,36,1,90.0,5,2,2,522,Regular Customers
CUST268,316,1,30.0,1,2,1,121,At Risk
CUST269,335,1,2000.0,1,2,5,125,At Risk
CUST270,160,1,300.0,3,2,4,324,Regular Customers
CUST271,193,1,120.0,3,2,3,323,Regular Customers
CUST272,311,1,100.0,1,2,2,122,At Risk
CUST273,239,1,50.0,2,2,1,221,At Risk
CUST274,268,1,1000.0,2,2,4,224,At Risk
CUST275,269,1,1000.0,2,2,4,224,At Risk
CUST276,92,1,100.0,4,2,2,422,Regular Customers
CUST277,137,1,100.0,4,2,2,422,Regular Customers
CUST278,295,1,100.0,1,2,2,122,At Risk
CUST279,150,1,500.0,3,2,4,324,Regular Customers
CUST280,273,1,1500.0,2,2,5,225,At Risk
CUST281,224,1,2000.0,3,2,5,325,Regular Customers
CUST282,130,1,200.0,4,2,3,423,Regular Customers
CUST283,239,1,500.0,2,2,4,224,At Risk
CUST284,328,1,200.0,1,2,3,123,At Risk
CUST285,140,1,25.0,4,2,1,421,Regular Customers
CUST286,85,1,50.0,4,2,1,421,Regular Customers
CUST287,316,1,100.0,1,2,2,122,At Risk
CUST288,341,1,120.0,1,2,3,123,At Risk
CUST289,33,1,60.0,5,2,2,522,Regular Customers
CUST290,90,1,600.0,4,2,4,424,Regular Customers
CUST291,359,1,600.0,1,2,4,124,At Risk
CUST292,319,1,1200.0,1,2,5,125,At Risk
CUST293,245,1,90.0,2,2,2,222,At Risk
CUST294,281,1,90.0,2,2,2,222,At Risk
CUST295,158,1,900.0,3,2,4,324,Regular Customers
CUST296,118,1,1200.0,4,2,5,425,Regular Customers
CUST297,120,1,1000.0,4,2,4,424,Regular Customers
CUST298,257,1,1200.0,2,2,5,225,At Risk
CUST299,161,1,1000.0,3,2,4,324,Regular Customers
CUST300,336,1,200.0,1,2,3,123,At Risk
CUST301,282,1,120.0,2,2,3,223,At Risk
CUST302,172,1,600.0,3,2,4,324,Regular Customers
CUST303,365,1,90.0,1,2,2,122,At Risk
CUST304,167,1,60.0,3,2,2,322,Regular Customers
CUST305,231,1,30.0,2,2,1,221,At Risk
CUST306,134,1,50.0,4,2,1,421,Regular Customers
CUST307,220,1,50.0,3,2,1,321,Regular Customers
CUST308,150,1,1200.0,3,2,5,325,Regular Customers
CUST309,10,1,25.0,5,2,1,521,Regular Customers
CUST310,82,1,25.0,4,2,1,421,Regular Customers
CUST311,28,1,100.0,5,2,2,522,Regular Customers
CUST312,117,1,120.0,4,2,3,423,Regular Customers
CUST313,287,1,1500.0,2,2,5,225,At Risk
CUST314,269,1,120.0,2,2,3,223,At Risk
CUST315,215,1,60.0,3,2,2,322,Regular Customers
CUST316,255,1,50.0,2,2,1,221,At Risk
CUST317,337,1,90.0,1,2,2,122,At Risk
CUST318,70,1,25.0,5,2,1,521,Regular Customers
CUST319,89,1,500.0,4,2,4,424,Regular Customers
CUST320,335,1,1200.0,1,2,5,125,At Risk
CUST321,206,1,50.0,3,2,1,321,Regular Customers
CUST322,337,1,500.0,1,2,4,124,At Risk
CUST323,341,1,900.0,1,2,4,124,At Risk
CUST324,67,1,150.0,5,2,3,523,Regular Customers
CUST325,122,1,50.0,4,2,1,421,Regular Customers
CUST326,109,1,75.0,4,2,2,422,Regular Customers
CUST327,95,1,150.0,4,2,3,423,Regular Customers
CUST328,286,1,100.0,2,2,2,222,At Risk
CUST329,337,1,100.0,1,2,2,122,At Risk
CUST330,106,1,200.0,4,2,3,423,Regular Customers
CUST331,325,1,90.0,1,2,2,122,At Risk
CUST332,271,1,1200.0,2,2,5,225,At Risk
CUST333,331,1,1200.0,1,2,5,125,At Risk
CUST334,62,1,900.0,5,2,4,524,Regular Customers
CUST335,332,1,120.0,1,2,3,123,At Risk
CUST336,21,1,150.0,5,2,3,523,Regular Customers
CUST337,246,1,500.0,2,2,4,224,At Risk
CUST338,160,1,100.0,3,2,2,322,Regular Customers
CUST339,305,1,50.0,1,2,1,121,At Risk
CUST340,75,1,1200.0,4,2,5,425,Regular Customers
CUST341,240,1,200.0,2,2,3,223,At Risk
CUST342,70,1,2000.0,5,2,5,525,Regular Customers
CUST343,62,1,50.0,5,2,1,521,Regular Customers
CUST344,346,1,30.0,1,2,1,121,At Risk
CUST345,49,1,30.0,5,2,1,521,Regular Customers
CUST346,325,1,1000.0,1,2,4,124,At Risk
CUST347,152,1,25.0,3,2,1,321,Regular Customers
CUST348,30,1,600.0,5,2,4,524,Regular Customers
CUST349,68,1,50.0,5,2,1,521,Regular Customers
CUST350,77,1,75.0,4,2,2,422,Regular Customers
CUST351,99,1,90.0,4,2,2,422,Regular Customers
CUST352,205,1,1000.0,3,2,4,324,Regular Customers
CUST353,233,1,500.0,2,2,4,224,At Risk
CUST354,262,1,200.0,2,2,3,223,At Risk
CUST355,24,1,500.0,5,2,4,524,Regular Customers
CUST356,206,1,1500.0,3,2,5,325,Regular Customers
CUST357,244,1,75.0,2,2,2,222,At Risk
CUST358,231,1,300.0,2,2,4,224,At Risk
CUST359,164,1,50.0,3,2,1,321,Regular Customers
CUST360,299,1,100.0,1,2,2,122,At Risk
CUST361,23,1,1200.0,5,2,5,525,Regular Customers
CUST362,36,1,25.0,5,2,1,521,Regular Customers
CUST363,213,1,25.0,3,2,1,321,Regular Customers
CUST364,132,1,500.0,4,2,4,424,Regular Customers
CUST365,205,1,300.0,3,2,4,324,Regular Customers
CUST366,329,1,100.0,1,2,2,122,At Risk
CUST367,362,1,50.0,1,2,1,121,At Risk
CUST368,132,1,1200.0,4,2,5,425,Regular Customers
CUST369,48,1,1500.0,5,2,5,525,Regular Customers
CUST370,78,1,60.0,4,2,2,422,Regular Customers
CUST371,315,1,25.0,1,2,1,121,At Risk
CUST372,329,1,1500.0,1,2,5,125,At Risk
CUST373,91,1,600.0,4,2,4,424,Regular Customers
CUST374,257,1,75.0,2,2,2,222,At Risk
CUST375,107,1,50.0,4,2,1,421,Regular Customers
CUST376,231,1,30.0,2,2,1,221,At Risk
CUST377,299,1,200.0,1,2,3,123,At Risk
CUST378,188,1,300.0,3,2,4,324,Regular Customers
CUST379,331,1,25.0,1,2,1,121,At Risk
CUST380,241,1,600.0,2,2,4,224,At Risk
CUST381,177,1,100.0,3,2,2,322,Regular Customers
CUST382,221,1,1000.0,3,2,4,324,Regular Customers
CUST383,286,1,90.0,2,2,2,222,At Risk
CUST384,142,1,500.0,4,2,4,424,Regular Customers
CUST385,88,1,1500.0,4,2,5,425,Regular Customers
CUST386,6,1,600.0,5,2,4,524,Regular Customers
CUST387,212,1,30.0,3,2,1,321,Regular Customers
CUST388,53,1,25.0,5,2,1,521,Regular Customers
CUST389,32,1,50.0,5,2,1,521,Regular Customers
CUST390,96,1,100.0,4,2,2,422,Regular Customers
CUST391,362,1,50.0,1,2,1,121,At Risk
CUST392,25,1,600.0,5,2,4,524,Regular Customers
CUST393,83,1,1000.0,4,2,4,424,Regular Customers
CUST394,213,1,500.0,3,2,4,324,Regular Customers
CUST395,27,1,1000.0,5,2,4,524,Regular Customers
CUST396,313,1,30.0,1,2,1,121,At Risk
CUST397,298,1,25.0,1,2,1,121,At Risk
CUST398,231,1,600.0,2,2,4,224,At Risk
CUST399,307,1,60.0,1,2,2,122,At Risk
CUST400,312,1,200.0,1,3,3,133,At Risk
CUST401,83,1,300.0,4,3,4,434,Regular Customers
CUST402,287,1,600.0,2,3,4,234,At Risk
CUST403,227,1,600.0,2,3,4,234,At Risk
CUST404,222,1,1000.0,3,3,4,334,Regular Customers
CUST405,57,1,1200.0,5,3,5,535,Regular Customers
CUST406,259,1,100.0,2,3,2,232,At Risk
CUST407,191,1,900.0,3,3,4,334,Regular Customers
CUST408,262,1,500.0,2,3,4,234,At Risk
CUST409,15,1,900.0,5,3,4,534,Regular Customers
CUST410,42,1,100.0,5,3,2,532,Regular Customers
CUST411,231,1,200.0,2,3,3,233,At Risk
CUST412,108,1,2000.0,4,3,5,435,Regular Customers
CUST413,116,1,75.0,4,3,2,432,Regular Customers
CUST414,238,1,100.0,2,3,2,232,At Risk
CUST415,340,1,60.0,1,3,2,132,At Risk
CUST416,319,1,2000.0,1,3,5,135,At Risk
CUST417,42,1,900.0,5,3,4,534,Regular Customers
CUST418,150,1,1000.0,3,3,4,334,Regular Customers
CUST419,225,1,90.0,2,3,2,232,At Risk
CUST420,344,1,2000.0,1,3,5,135,At Risk
CUST421,365,1,1500.0,1,3,5,135,At Risk
CUST422,196,1,90.0,3,3,2,332,Regular Customers
CUST423,300,1,25.0,1,3,1,131,At Risk
CUST424,40,1,1200.0,5,3,5,535,Regular Customers
CUST425,232,1,120.0,2,3,3,233,At Risk
CUST426,284,1,150.0,2,3,3,233,At Risk
CUST427,140,1,25.0,4,3,1,431,Regular Customers
CUST428,84,1,200.0,4,3,3,433,Regular Customers
CUST429,5,1,50.0,5,3,1,531,Regular Customers
CUST430,148,1,900.0,3,3,4,334,Regular Customers
CUST431,79,1,1200.0,4,3,5,435,Regular Customers
CUST432,362,1,1000.0,1,3,4,134,At Risk
CUST433,309,1,200.0,1,3,3,133,At Risk
CUST434,328,1,50.0,1,3,1,131,At Risk
CUST435,13,1,900.0,5,3,4,534,Regular Customers
CUST436,290,1,120.0,1,3,3,133,At Risk
CUST437,87,1,1200.0,4,3,5,435,Regular Customers
CUST438,348,1,30.0,1,3,1,131,At Risk
CUST439,177,1,75.0,3,3,2,332,Regular Customers
CUST440,68,1,600.0,5,3,4,534,Regular Customers
CUST441,84,1,1200.0,4,3,5,435,Regular Customers
CUST442,291,1,100.0,1,3,2,132,At Risk
CUST443,146,1,600.0,4,3,4,434,Regular Customers
CUST444,301,1,90.0,1,3,2,132,At Risk
CUST445,345,1,300.0,1,3,4,134,At Risk
CUST446,209,1,50.0,3,3,1,331,Regular Customers
CUST447,180,1,2000.0,3,3,5,335,Regular Customers
CUST448,346,1,60.0,1,3,2,132,At Risk
CUST449,183,1,200.0,3,3,3,333,Regular Customers
CUST450,259,1,50.0,2,3,1,231,At Risk
CUST451,17,1,30.0,5,3,1,531,Regular Customers
CUST452,239,1,1500.0,2,3,5,235,At Risk
CUST453,25,1,1000.0,5,3,4,534,Regular Customers
CUST454,314,1,25.0,1,3,1,131,At Risk
CUST455,185,1,100.0,3,3,2,332,Regular Customers
CUST456,80,1,60.0,4,3,2,432,Regular Customers
CUST457,158,1,900.0,3,3,4,334,Regular Customers
CUST458,49,1,100.0,5,3,2,532,Regular Customers
CUST459,287,1,1200.0,2,3,5,235,At Risk
CUST460,245,1,50.0,2,3,1,231,At Risk
CUST461,283,1,1000.0,2,3,4,234,At Risk
CUST462,276,1,1200.0,2,3,5,235,At Risk
CUST463,155,1,1500.0,3,3,5,335,Regular Customers
CUST464,354,1,600.0,1,3,4,134,At Risk
CUST465,275,1,150.0,2,3,3,233,At Risk
CUST466,196,1,100.0,3,3,2,332,Regular Customers
CUST467,156,1,150.0,3,3,3,333,Regular Customers
CUST468,24,1,25.0,5,3,1,531,Regular Customers
CUST469,239,1,75.0,2,3,2,232,At Risk
CUST470,230,1,1000.0,2,3,4,234,At Risk
CUST471,285,1,150.0,2,3,3,233,At Risk
CUST472,7,1,900.0,5,3,4,534,Regular Customers
CUST473,311,1,50.0,1,3,1,131,At Risk
CUST474,171,1,1500.0,3,3,5,335,Regular Customers
CUST475,347,1,75.0,1,3,2,132,At Risk
CUST476,126,1,2000.0,4,3,5,435,Regular Customers
CUST477,253,1,120.0,2,3,3,233,At Risk
CUST478,264,1,60.0,2,3,2,232,At Risk
CUST479,131,1,1200.0,4,3,5,435,Regular Customers
CUST480,187,1,2000.0,3,3,5,335,Regular Customers
CUST481,210,1,1200.0,3,3,5,335,Regular Customers
CUST482,250,1,1200.0,2,3,5,235,At Risk
CUST483,252,1,30.0,2,3,1,231,At Risk
CUST484,354,1,1200.0,1,3,5,135,At Risk
CUST485,29,1,30.0,5,3,1,531,Regular Customers
CUST486,268,1,25.0,2,3,1,231,At Risk
CUST487,162,1,2000.0,3,3,5,335,Regular Customers
CUST488,198,1,900.0,3,3,4,334,Regular Customers
CUST489,224,1,30.0,3,3,1,331,Regular Customers
CUST490,331,1,150.0,1,3,3,133,At Risk
CUST491,224,1,900.0,3,3,4,334,Regular Customers
CUST492,187,1,100.0,3,3,2,332,Regular Customers
CUST493,38,1,50.0,5,3,1,531,Regular Customers
CUST494,106,1,200.0,4,3,3,433,Regular Customers
CUST495,162,1,60.0,3,3,2,332,Regular Customers
CUST496,19,1,600.0,5,3,4,534,Regular Customers
CUST497,92,1,120.0,4,3,3,433,Regular Customers
CUST498,197,1,100.0,3,3,2,332,Regular Customers
CUST499,352,1,60.0,1,3,2,132,At Risk
CUST500,307,1,100.0,1,3,2,132,At Risk
CUST501,233,1,60.0,2,3,2,232,At Risk
CUST502,275,1,150.0,2,3,3,233,At Risk
CUST503,69,1,2000.0,5,3,5,535,Regular Customers
CUST504,231,1,150.0,2,3,3,233,At Risk
CUST505,347,1,50.0,1,3,1,131,At Risk
CUST506,311,1,1500.0,1,3,5,135,At Risk
CUST507,61,1,1500.0,5,3,5,535,Regular Customers
CUST508,144,1,600.0,4,3,4,434,Regular Customers
CUST509,190,1,900.0,3,3,4,334,Regular Customers
CUST510,206,1,200.0,3,3,3,333,Regular Customers
CUST511,143,1,100.0,4,3,2,432,Regular Customers
CUST512,56,1,25.0,5,3,1,531,Regular Customers
CUST513,105,1,100.0,4,3,2,432,Regular Customers
CUST514,307,1,300.0,1,3,4,134,At Risk
CUST515,169,1,900.0,3,3,4,334,Regular Customers
CUST516,71,1,100.0,5,3,2,532,Regular Customers
CUST517,269,1,100.0,2,3,2,232,At Risk
CUST518,236,1,30.0,2,3,1,231,At Risk
CUST519,344,1,120.0,1,3,3,133,At Risk
CUST520,4,1,100.0,5,3,2,532,Regular Customers
CUST521,143,1,120.0,4,3,3,433,Regular Customers
CUST522,366,1,1500.0,1,3,5,135,At Risk
CUST523,100,1,300.0,4,3,4,434,Regular Customers
CUST524,91,1,1200.0,4,3,5,435,Regular Customers
CUST525,15,1,50.0,5,3,1,531,Regular Customers
CUST526,23,1,100.0,5,3,2,532,Regular Customers
CUST527,266,1,50.0,2,3,1,231,At Risk
CUST528,180,1,60.0,3,3,2,332,Regular Customers
CUST529,146,1,150.0,4,3,3,433,Regular Customers
CUST530,331,1,120.0,1,3,3,133,At Risk
CUST531,26,1,500.0,5,3,4,534,Regular Customers
CUST532,197,1,120.0,3,3,3,333,Regular Customers
CUST533,47,1,1500.0,5,3,5,535,Regular Customers
CUST534,206,1,1000.0,3,3,4,334,Regular Customers
CUST535,27,1,90.0,5,3,2,532,Regular Customers
CUST536,303,1,120.0,1,3,3,133,At Risk
CUST537,213,1,500.0,3,3,4,334,Regular Customers
CUST538,107,1,150.0,4,3,3,433,Regular Customers
CUST539,208,1,500.0,3,3,4,334,Regular Customers
CUST540,25,1,900.0,5,3,4,534,Regular Customers
CUST541,157,1,500.0,3,3,4,334,Regular Customers
CUST542,199,1,50.0,3,3,1,331,Regular Customers
CUST543,160,1,600.0,3,3,4,334,Regular Customers
CUST544,10,1,25.0,5,3,1,531,Regular Customers
CUST545,215,1,50.0,3,3,1,331,Regular Customers
CUST546,83,1,200.0,4,3,3,433,Regular Customers
CUST547,301,1,2000.0,1,3,5,135,At Risk
CUST548,268,1,60.0,2,3,2,232,At Risk
CUST549,151,1,100.0,3,3,2,332,Regular Customers
CUST550,26,1,900.0,5,3,4,534,Regular Customers
CUST551,172,1,900.0,3,3,4,334,Regular Customers
CUST552,20,1,75.0,5,3,2,532,Regular Customers
CUST553,277,1,1200.0,2,3,5,235,At Risk
CUST554,51,1,150.0,5,3,3,533,Regular Customers
CUST555,75,1,300.0,4,3,4,434,Regular Customers
CUST556,212,1,50.0,3,3,1,331,Regular Customers
CUST557,159,1,90.0,3,3,2,332,Regular Customers
CUST558,86,1,25.0,4,3,1,431,Regular Customers
CUST559,366,1,1200.0,1,3,5,135,At Risk
CUST560,211,1,50.0,3,3,1,331,Regular Customers
CUST561,220,1,2000.0,3,3,5,335,Regular Customers
CUST562,259,1,50.0,2,3,1,231,At Risk
CUST563,146,1,60.0,4,3,2,432,Regular Customers
CUST564,70,1,100.0,5,3,2,532,Regular Customers
CUST565,56,1,60.0,5,3,2,532,Regular Customers
CUST566,31,1,30.0,5,3,1,531,Regular Customers
CUST567,202,1,900.0,3,3,4,334,Regular Customers
CUST568,128,1,300.0,4,3,4,434,Regular Customers
CUST569,140,1,200.0,4,3,3,433,Regular Customers
CUST570,140,1,500.0,4,3,4,434,Regular Customers
CUST571,21,1,50.0,5,3,1,531,Regular Customers
CUST572,257,1,2000.0,2,3,5,235,At Risk
CUST573,105,1,60.0,4,3,2,432,Regular Customers
CUST574,124,1,50.0,4,3,1,431,Regular Customers
CUST575,280,1,100.0,2,3,2,232,At Risk
CUST576,29,1,150.0,5,3,3,533,Regular Customers
CUST577,323,1,2000.0,1,3,5,135,At Risk
CUST578,221,1,120.0,3,3,3,333,Regular Customers
CUST579,103,1,30.0,4,3,1,431,Regular Customers
CUST580,27,1,1500.0,5,3,5,535,Regular Customers
CUST581,42,1,60.0,5,3,2,532,Regular Customers
CUST582,49,1,900.0,5,3,4,534,Regular Customers
CUST583,195,1,100.0,3,3,2,332,Regular Customers
CUST584,319,1,200.0,1,3,3,133,At Risk
CUST585,246,1,25.0,2,3,1,231,At Risk
CUST586,22,1,50.0,5,3,1,531,Regular Customers
CUST587,208,1,1200.0,3,3,5,335,Regular Customers
CUST588,251,1,60.0,2,3,2,232,At Risk
CUST589,265,1,1000.0,2,3,4,234,At Risk
CUST590,291,1,900.0,1,3,4,134,At Risk
CUST591,354,1,100.0,1,3,2,132,At Risk
CUST592,343,1,2000.0,1,3,5,135,At Risk
CUST593,241,1,60.0,2,3,2,232,At Risk
CUST594,123,1,600.0,4,3,4,434,Regular Customers
CUST595,54,1,2000.0,5,3,5,535,Regular Customers
CUST596,329,1,300.0,1,3,4,134,At Risk
CUST597,133,1,1200.0,4,3,5,435,Regular Customers
CUST598,154,1,120.0,3,3,3,333,Regular Customers
CUST599,44,1,100.0,5,3,2,532,Regular Customers
CUST600,72,1,1000.0,5,4,4,544,Loyal Customers
CUST601,267,1,30.0,2,4,1,241,Loyal Customers
CUST602,10,1,300.0,5,4,4,544,Loyal Customers
CUST603,170,1,90.0,3,4,2,342,Loyal Customers
CUST604,113,1,200.0,4,4,3,443,Loyal Customers
CUST605,162,1,1000.0,3,4,4,344,Loyal Customers
CUST606,242,1,50.0,2,4,1,241,Loyal Customers
CUST607,291,1,75.0,1,4,2,142,Loyal Customers
CUST608,31,1,1500.0,5,4,5,545,Loyal Customers
CUST609,14,1,100.0,5,4,2,542,Loyal Customers
CUST610,364,1,600.0,1,4,4,144,Loyal Customers
CUST611,312,1,1500.0,1,4,5,145,Loyal Customers
CUST612,149,1,500.0,3,4,4,344,Loyal Customers
CUST613,254,1,90.0,2,4,2,242,Loyal Customers
CUST614,276,1,1200.0,2,4,5,245,Loyal Customers
CUST615,10,1,100.0,5,4,2,542,Loyal Customers
CUST616,101,1,100.0,4,4,2,442,Loyal Customers
CUST617,129,1,30.0,4,4,1,441,Loyal Customers
CUST618,341,1,50.0,1,4,1,141,Loyal Customers
CUST619,81,1,100.0,4,4,2,442,Loyal Customers
CUST620,239,1,75.0,2,4,2,242,Loyal Customers
CUST621,304,1,1000.0,1,4,4,144,Loyal Customers
CUST622,133,1,75.0,4,4,2,442,Loyal Customers
CUST623,298,1,150.0,1,4,3,143,Loyal Customers
CUST624,129,1,900.0,4,4,4,444,Loyal Customers
CUST625,25,1,300.0,5,4,4,544,Loyal Customers
CUST626,95,1,2000.0,4,4,5,445,Loyal Customers
CUST627,80,1,50.0,4,4,1,441,Loyal Customers
CUST628,62,1,200.0,5,4,3,543,Loyal Customers
CUST629,204,1,50.0,3,4,1,341,Loyal Customers
CUST630,140,1,100.0,4,4,2,442,Loyal Customers
CUST631,53,1,90.0,5,4,2,542,Loyal Customers
CUST632,108,1,100.0,4,4,2,442,Loyal Customers
CUST633,148,1,120.0,3,4,3,343,Loyal Customers
CUST634,86,1,2000.0,4,4,5,445,Loyal Customers
CUST635,138,1,900.0,4,4,4,444,Loyal Customers
CUST636,285,1,1500.0,2,4,5,245,Loyal Customers
CUST637,123,1,600.0,4,4,4,444,Loyal Customers
CUST638,136,1,500.0,4,4,4,444,Loyal Customers
CUST639,234,1,200.0,2,4,3,243,Loyal Customers
CUST640,240,1,120.0,2,4,3,243,Loyal Customers
CUST641,40,1,300.0,5,4,4,544,Loyal Customers
CUST642,225,1,100.0,2,4,2,242,Loyal Customers
CUST643,100,1,90.0,4,4,2,442,Loyal Customers
CUST644,118,1,75.0,4,4,2,442,Loyal Customers
CUST645,46,1,120.0,5,4,3,543,Loyal Customers
CUST646,244,1,90.0,2,4,2,242,Loyal Customers
CUST647,226,1,1500.0,2,4,5,245,Loyal Customers
CUST648,141,1,1200.0,4,4,5,445,Loyal Customers
CUST649,327,1,600.0,1,4,4,144,Loyal Customers
CUST650,1,1,30.0,5,4,1,541,Loyal Customers
CUST651,220,1,150.0,3,4,3,343,Loyal Customers
CUST652,246,1,100.0,2,4,2,242,Loyal Customers
CUST653,227,1,75.0,2,4,2,242,Loyal Customers
CUST654,195,1,75.0,3,4,2,342,Loyal Customers
CUST655,203,1,500.0,3,4,4,344,Loyal Customers
CUST656,90,1,90.0,4,4,2,442,Loyal Customers
CUST657,325,1,25.0,1,4,1,141,Loyal Customers
CUST658,296,1,25.0,1,4,1,141,Loyal Customers
CUST659,289,1,30.0,2,4,1,241,Loyal Customers
CUST660,248,1,1000.0,2,4,4,244,Loyal Customers
CUST661,170,1,100.0,3,4,2,342,Loyal Customers
CUST662,11,1,1000.0,5,4,4,544,Loyal Customers
CUST663,288,1,1200.0,2,4,5,245,Loyal Customers
CUST664,5,1,2000.0,5,4,5,545,Loyal Customers
CUST665,257,1,50.0,2,4,1,241,Loyal Customers
CUST666,334,1,150.0,1,4,3,143,Loyal Customers
CUST667,154,1,500.0,3,4,4,344,Loyal Customers
CUST668,158,1,150.0,3,4,3,343,Loyal Customers
CUST669,197,1,1200.0,3,4,5,345,Loyal Customers
CUST670,89,1,30.0,4,4,1,441,Loyal Customers
CUST671,128,1,150.0,4,4,3,443,Loyal Customers
CUST672,154,1,100.0,3,4,2,342,Loyal Customers
CUST673,335,1,1500.0,1,4,5,145,Loyal Customers
CUST674,261,1,300.0,2,4,4,244,Loyal Customers
CUST675,151,1,60.0,3,4,2,342,Loyal Customers
CUST676,167,1,1500.0,3,4,5,345,Loyal Customers
CUST677,67,1,1500.0,5,4,5,545,Loyal Customers
CUST678,10,1,900.0,5,4,4,544,Loyal Customers
CUST679,356,1,90.0,1,4,2,142,Loyal Customers
CUST680,72,1,900.0,5,4,4,544,Loyal Customers
CUST681,172,1,60.0,3,4,2,342,Loyal Customers
CUST682,122,1,1200.0,4,4,5,445,Loyal Customers
CUST683,363,1,1000.0,1,4,4,144,Loyal Customers
CUST684,186,1,1000.0,3,4,4,344,Loyal Customers
CUST685,214,1,50.0,3,4,1,341,Loyal Customers
CUST686,167,1,200.0,3,4,3,343,Loyal Customers
CUST687,152,1,300.0,3,4,4,344,Loyal Customers
CUST688,91,1,100.0,4,4,2,442,Loyal Customers
CUST689,87,1,100.0,4,4,2,442,Loyal Customers
CUST690,58,1,900.0,5,4,4,544,Loyal Customers
CUST691,254,1,90.0,2,4,2,242,Loyal Customers
CUST692,117,1,100.0,4,4,2,442,Loyal Customers
CUST693,254,1,1500.0,2,4,5,245,Loyal Customers
CUST694,227,1,50.0,2,4,1,241,Loyal Customers
CUST695,143,1,150.0,4,4,3,443,Loyal Customers
CUST696,118,1,200.0,4,4,3,443,Loyal Customers
CUST697,352,1,500.0,1,4,4,144,Loyal Customers
CUST698,167,1,300.0,3,4,4,344,Loyal Customers
CUST699,194,1,120.0,3,4,3,343,Loyal Customers
CUST700,24,1,2000.0,5,4,5,545,Loyal Customers
CUST701,19,1,60.0,5,4,2,542,Loyal Customers
CUST702,159,1,600.0,3,4,4,344,Loyal Customers
CUST703,282,1,100.0,2,4,2,242,Loyal Customers
CUST704,127,1,90.0,4,4,2,442,Loyal Customers
CUST705,301,1,50.0,1,4,1,141,Loyal Customers
CUST706,48,1,100.0,5,4,2,542,Loyal Customers
CUST707,93,1,500.0,4,4,4,444,Loyal Customers
CUST708,353,1,900.0,1,4,4,144,Loyal Customers
CUST709,165,1,1000.0,3,4,4,344,Loyal Customers
CUST710,63,1,1500.0,5,4,5,545,Loyal Customers
CUST711,78,1,1500.0,4,4,5,445,Loyal Customers
CUST712,27,1,50.0,5,4,1,541,Loyal Customers
CUST713,353,1,75.0,1,4,2,142,Loyal Customers
CUST714,324,1,500.0,1,4,4,144,Loyal Customers
CUST715,37,1,100.0,5,4,2,542,Loyal Customers
CUST716,147,1,1200.0,4,4,5,445,Loyal Customers
CUST717,297,1,500.0,1,4,4,144,Loyal Customers
CUST718,130,1,75.0,4,4,2,442,Loyal Customers
CUST719,273,1,60.0,2,4,2,242,Loyal Customers
CUST720,341,1,1500.0,1,4,5,145,Loyal Customers
CUST721,233,1,500.0,2,4,4,244,Loyal Customers
CUST722,172,1,900.0,3,4,4,344,Loyal Customers
CUST723,199,1,200.0,3,4,3,343,Loyal Customers
CUST724,258,1,150.0,2,4,3,243,Loyal Customers
CUST725,134,1,300.0,4,4,4,444,Loyal Customers
CUST726,199,1,1200.0,3,4,5,345,Loyal Customers
CUST727,194,1,900.0,3,4,4,344,Loyal Customers
CUST728,172,1,150.0,3,4,3,343,Loyal Customers
CUST729,224,1,1200.0,3,4,5,345,Loyal Customers
CUST730,151,1,50.0,3,4,1,341,Loyal Customers
CUST731,237,1,2000.0,2,4,5,245,Loyal Customers
CUST732,325,1,1000.0,1,4,4,144,Loyal Customers
CUST733,126,1,30.0,4,4,1,441,Loyal Customers
CUST734,357,1,30.0,1,4,1,141,Loyal Customers
CUST735,90,1,2000.0,4,4,5,445,Loyal Customers
CUST736,340,1,100.0,1,4,2,142,Loyal Customers
CUST737,187,1,50.0,3,4,1,341,Loyal Customers
CUST738,252,1,100.0,2,4,2,242,Loyal Customers
CUST739,34,1,25.0,5,4,1,541,Loyal Customers
CUST740,331,1,200.0,1,4,3,143,Loyal Customers
CUST741,33,1,300.0,5,4,4,544,Loyal Customers
CUST742,346,1,2000.0,1,4,5,145,Loyal Customers
CUST743,351,1,2000.0,1,4,5,145,Loyal Customers
CUST744,240,1,25.0,2,4,1,241,Loyal Customers
CUST745,264,1,100.0,2,4,2,242,Loyal Customers
CUST746,356,1,90.0,1,4,2,142,Loyal Customers
CUST747,48,1,30.0,5,4,1,541,Loyal Customers
CUST748,288,1,150.0,2,4,3,243,Loyal Customers
CUST749,244,1,30.0,2,4,1,241,Loyal Customers
CUST750,302,1,75.0,1,4,2,142,Loyal Customers
CUST751,124,1,50.0,4,4,1,441,Loyal Customers
CUST752,24,1,100.0,5,4,2,542,Loyal Customers
CUST753,308,1,30.0,1,4,1,141,Loyal Customers
CUST754,78,1,100.0,4,4,2,442,Loyal Customers
CUST755,255,1,75.0,2,4,2,242,Loyal Customers
CUST756,128,1,1200.0,4,4,5,445,Loyal Customers
CUST757,8,1,1200.0,5,4,5,545,Loyal Customers
CUST758,235,1,100.0,2,4,2,242,Loyal Customers
CUST759,178,1,100.0,3,4,2,342,Loyal Customers
CUST760,281,1,500.0,2,4,4,244,Loyal Customers
CUST761,56,1,500.0,5,4,4,544,Loyal Customers
CUST762,56,1,50.0,5,4,1,541,Loyal Customers
CUST763,308,1,50.0,1,4,1,141,Loyal Customers
CUST764,283,1,25.0,2,4,1,241,Loyal Customers
CUST765,207,1,200.0,3,4,3,343,Loyal Customers
CUST766,311,1,900.0,1,4,4,144,Loyal Customers
CUST767,70,1,75.0,5,4,2,542,Loyal Customers
CUST768,353,1,75.0,1,4,2,142,Loyal Customers
CUST769,207,1,120.0,3,4,3,343,Loyal Customers
CUST770,72,1,50.0,5,4,1,541,Loyal Customers
CUST771,20,1,50.0,5,4,1,541,Loyal Customers
CUST772,174,1,30.0,3,4,1,341,Loyal Customers
CUST773,163,1,2000.0,3,4,5,345,Loyal Customers
CUST774,265,1,50.0,2,4,1,241,Loyal Customers
CUST775,328,1,100.0,1,4,2,142,Loyal Customers
CUST776,63,1,90.0,5,4,2,542,Loyal Customers
CUST777,13,1,150.0,5,4,3,543,Loyal Customers
CUST778,45,1,100.0,5,4,2,542,Loyal Customers
CUST779,242,1,1000.0,2,4,4,244,Loyal Customers
CUST780,314,1,50.0,1,4,1,141,Loyal Customers
CUST781,10,1,500.0,5,4,4,544,Loyal Customers
CUST782,212,1,900.0,3,4,4,344,Loyal Customers
CUST783,16,1,300.0,5,4,4,544,Loyal Customers
CUST784,59,1,500.0,5,4,4,544,Loyal Customers
CUST785,305,1,200.0,1,4,3,143,Loyal Customers
CUST786,77,1,100.0,4,4,2,442,Loyal Customers
CUST787,345,1,25.0,1,4,1,141,Loyal Customers
CUST788,189,1,900.0,3,4,4,344,Loyal Customers
CUST789,94,1,2000.0,4,4,5,445,Loyal Customers
CUST790,147,1,25.0,4,4,1,441,Loyal Customers
CUST791,28,1,25.0,5,4,1,541,Loyal Customers
CUST792,177,1,50.0,3,4,1,341,Loyal Customers
CUST793,331,1,30.0,1,4,1,141,Loyal Customers
CUST794,107,1,300.0,4,4,4,444,Loyal Customers
CUST795,35,1,300.0,5,4,4,544,Loyal Customers
CUST796,192,1,120.0,3,4,3,343,Loyal Customers
CUST797,360,1,75.0,1,4,2,142,Loyal Customers
CUST798,151,1,50.0,3,4,1,341,Loyal Customers
CUST799,116,1,100.0,4,4,2,442,Loyal Customers
CUST800,312,1,1200.0,1,5,5,155,Loyal Customers
CUST801,145,1,200.0,4,5,3,453,Loyal Customers
CUST802,181,1,30.0,3,5,1,351,Loyal Customers
CUST803,41,1,100.0,5,5,2,552,Loyal Customers
CUST804,131,1,30.0,4,5,1,451,Loyal Customers
CUST805,4,1,1500.0,5,5,5,555,Best Customers
CUST806,288,1,900.0,2,5,4,254,Loyal Customers
CUST807,144,1,200.0,4,5,3,453,Loyal Customers
CUST808,276,1,2000.0,2,5,5,255,Loyal Customers
CUST809,99,1,100.0,4,5,2,452,Loyal Customers
CUST810,33,1,100.0,5,5,2,552,Loyal Customers
CUST811,228,1,50.0,2,5,1,251,Loyal Customers
CUST812,51,1,75.0,5,5,2,552,Loyal Customers
CUST813,91,1,150.0,4,5,3,453,Loyal Customers
CUST814,119,1,500.0,4,5,4,454,Loyal Customers
CUST815,128,1,75.0,4,5,2,452,Loyal Customers
CUST816,143,1,1000.0,4,5,4,454,Loyal Customers
CUST817,63,1,200.0,5,5,3,553,Loyal Customers
CUST818,229,1,500.0,2,5,4,254,Loyal Customers
CUST819,201,1,100.0,3,5,2,352,Loyal Customers
CUST820,241,1,200.0,2,5,3,253,Loyal Customers
CUST821,322,1,300.0,1,5,4,154,Loyal Customers
CUST822,224,1,150.0,3,5,3,353,Loyal Customers
CUST823,136,1,100.0,4,5,2,452,Loyal Customers
CUST824,242,1,120.0,2,5,3,253,Loyal Customers
CUST825,129,1,25.0,4,5,1,451,Loyal Customers
CUST826,75,1,300.0,4,5,4,454,Loyal Customers
CUST827,54,1,900.0,5,5,4,554,Loyal Customers
CUST828,24,1,1200.0,5,5,5,555,Best Customers
CUST829,172,1,90.0,3,5,2,352,Loyal Customers
CUST830,194,1,150.0,3,5,3,353,Loyal Customers
CUST831,352,1,100.0,1,5,2,152,Loyal Customers
CUST832,113,1,2000.0,4,5,5,455,Loyal Customers
CUST833,200,1,200.0,3,5,3,353,Loyal Customers
CUST834,273,1,60.0,2,5,2,252,Loyal Customers
CUST835,117,1,200.0,4,5,3,453,Loyal Customers
CUST836,258,1,50.0,2,5,1,251,Loyal Customers
CUST837,185,1,90.0,3,5,2,352,Loyal Customers
CUST838,234,1,600.0,2,5,4,254,Loyal Customers
CUST839,192,1,1200.0,3,5,5,355,Loyal Customers
CUST840,223,1,50.0,3,5,1,351,Loyal Customers
CUST841,61,1,100.0,5,5,2,552,Loyal Customers
CUST842,7,1,600.0,5,5,4,554,Loyal Customers
CUST843,225,1,1500.0,2,5,5,255,Loyal Customers
CUST844,82,1,150.0,4,5,3,453,Loyal Customers
CUST845,361,1,500.0,1,5,4,154,Loyal Customers
CUST846,102,1,50.0,4,5,1,451,Loyal Customers
CUST847,269,1,1200.0,2,5,5,255,Loyal Customers
CUST848,323,1,75.0,1,5,2,152,Loyal Customers
CUST849,243,1,50.0,2,5,1,251,Loyal Customers
CUST850,158,1,1000.0,3,5,4,354,Loyal Customers
CUST851,116,1,50.0,4,5,1,451,Loyal Customers
CUST852,82,1,300.0,4,5,4,454,Loyal Customers
CUST853,243,1,1000.0,2,5,4,254,Loyal Customers
CUST854,13,1,50.0,5,5,1,551,Loyal Customers
CUST855,123,1,25.0,4,5,1,451,Loyal Customers
CUST856,36,1,120.0,5,5,3,553,Loyal Customers
CUST857,2,1,50.0,5,5,1,551,Loyal Customers
CUST858,115,1,100.0,4,5,2,452,Loyal Customers
CUST859,137,1,1500.0,4,5,5,455,Loyal Customers
CUST860,358,1,200.0,1,5,3,153,Loyal Customers
CUST861,319,1,90.0,1,5,2,152,Loyal Customers
CUST862,216,1,1200.0,3,5,5,355,Loyal Customers
CUST863,253,1,50.0,2,5,1,251,Loyal Customers
CUST864,159,1,500.0,3,5,4,354,Loyal Customers
CUST865,12,1,300.0,5,5,4,554,Loyal Customers
CUST866,242,1,50.0,2,5,1,251,Loyal Customers
CUST867,210,1,500.0,3,5,4,354,Loyal Customers
CUST868,27,1,300.0,5,5,4,554,Loyal Customers
CUST869,69,1,1500.0,5,5,5,555,Best Customers
CUST870,178,1,120.0,3,5,3,353,Loyal Customers
CUST871,124,1,60.0,4,5,2,452,Loyal Customers
CUST872,83,1,75.0,4,5,2,452,Loyal Customers
CUST873,95,1,100.0,4,5,2,452,Loyal Customers
CUST874,190,1,30.0,3,5,1,351,Loyal Customers
CUST875,149,1,2000.0,3,5,5,355,Loyal Customers
CUST876,85,1,120.0,4,5,3,453,Loyal Customers
CUST877,197,1,25.0,3,5,1,351,Loyal Customers
CUST878,186,1,30.0,3,5,1,351,Loyal Customers
CUST879,7,1,30.0,5,5,1,551,Loyal Customers
CUST880,134,1,1000.0,4,5,4,454,Loyal Customers
CUST881,228,1,300.0,2,5,4,254,Loyal Customers
CUST882,210,1,50.0,3,5,1,351,Loyal Customers
CUST883,238,1,500.0,2,5,4,254,Loyal Customers
CUST884,248,1,60.0,2,5,2,252,Loyal Customers
CUST885,305,1,120.0,1,5,3,153,Loyal Customers
CUST886,268,1,900.0,2,5,4,254,Loyal Customers
CUST887,205,1,100.0,3,5,2,352,Loyal Customers
CUST888,305,1,100.0,1,5,2,152,Loyal Customers
CUST889,92,1,50.0,4,5,1,451,Loyal Customers
CUST890,13,1,50.0,5,5,1,551,Loyal Customers
CUST891,272,1,900.0,2,5,4,254,Loyal Customers
CUST892,268,1,50.0,2,5,1,251,Loyal Customers
CUST893,256,1,50.0,2,5,1,251,Loyal Customers
CUST894,119,1,30.0,4,5,1,451,Loyal Customers
CUST895,225,1,120.0,2,5,3,253,Loyal Customers
CUST896,65,1,50.0,5,5,1,551,Loyal Customers
CUST897,98,1,100.0,4,5,2,452,Loyal Customers
CUST898,61,1,90.0,5,5,2,552,Loyal Customers
CUST899,222,1,600.0,3,5,4,354,Loyal Customers
CUST900,315,1,60.0,1,5,2,152,Loyal Customers
CUST901,267,1,30.0,2,5,1,251,Loyal Customers
CUST902,215,1,50.0,3,5,1,351,Loyal Customers
CUST903,250,1,200.0,2,5,3,253,Loyal Customers
CUST904,182,1,500.0,3,5,4,354,Loyal Customers
CUST905,275,1,300.0,2,5,4,254,Loyal Customers
CUST906,212,1,50.0,3,5,1,351,Loyal Customers
CUST907,359,1,25.0,1,5,1,151,Loyal Customers
CUST908,4,1,1200.0,5,5,5,555,Best Customers
CUST909,93,1,300.0,4,5,4,454,Loyal Customers
CUST910,302,1,150.0,1,5,3,153,Loyal Customers
CUST911,226,1,900.0,2,5,4,254,Loyal Customers
CUST912,343,1,150.0,1,5,3,153,Loyal Customers
CUST913,339,1,90.0,1,5,2,152,Loyal Customers
CUST914,83,1,500.0,4,5,4,454,Loyal Customers
CUST915,217,1,90.0,3,5,2,352,Loyal Customers
CUST916,9,1,50.0,5,5,1,551,Loyal Customers
CUST917,302,1,200.0,1,5,3,153,Loyal Customers
CUST918,40,1,90.0,5,5,2,552,Loyal Customers
CUST919,115,1,50.0,4,5,1,451,Loyal Customers
CUST920,314,1,75.0,1,5,2,152,Loyal Customers
CUST921,360,1,75.0,1,5,2,152,Loyal Customers
CUST922,73,1,50.0,4,5,1,451,Loyal Customers
CUST923,221,1,900.0,3,5,4,354,Loyal Customers
CUST924,126,1,100.0,4,5,2,452,Loyal Customers
CUST925,121,1,300.0,4,5,4,454,Loyal Customers
CUST926,141,1,30.0,4,5,1,451,Loyal Customers
CUST927,192,1,2000.0,3,5,5,355,Loyal Customers
CUST928,272,1,1200.0,2,5,5,255,Loyal Customers
CUST929,340,1,75.0,1,5,2,152,Loyal Customers
CUST930,237,1,200.0,2,5,3,253,Loyal Customers
CUST931,122,1,120.0,4,5,3,453,Loyal Customers
CUST932,308,1,100.0,1,5,2,152,Loyal Customers
CUST933,333,1,30.0,1,5,1,151,Loyal Customers
CUST934,161,1,500.0,3,5,4,354,Loyal Customers
CUST935,115,1,50.0,4,5,1,451,Loyal Customers
CUST936,329,1,200.0,1,5,3,153,Loyal Customers
CUST937,71,1,500.0,5,5,4,554,Loyal Customers
CUST938,44,1,200.0,5,5,3,553,Loyal Customers
CUST939,15,1,300.0,5,5,4,554,Loyal Customers
CUST940,339,1,30.0,1,5,1,151,Loyal Customers
CUST941,289,1,50.0,2,5,1,251,Loyal Customers
CUST942,290,1,1500.0,1,5,5,155,Loyal Customers
CUST943,78,1,1200.0,4,5,5,455,Loyal Customers
CUST944,211,1,50.0,3,5,1,351,Loyal Customers
CUST945,323,1,25.0,1,5,1,151,Loyal Customers
CUST946,239,1,2000.0,2,5,5,255,Loyal Customers
CUST947,306,1,300.0,1,5,4,154,Loyal Customers
CUST948,81,1,75.0,4,5,2,452,Loyal Customers
CUST949,153,1,50.0,3,5,1,351,Loyal Customers
CUST950,56,1,900.0,5,5,4,554,Loyal Customers
CUST951,61,1,100.0,5,5,2,552,Loyal Customers
CUST952,50,1,25.0,5,5,1,551,Loyal Customers
CUST953,251,1,90.0,2,5,2,252,Loyal Customers
CUST954,99,1,900.0,4,5,4,454,Loyal Customers
CUST955,172,1,25.0,3,5,1,351,Loyal Customers
CUST956,136,1,1500.0,4,5,5,455,Loyal Customers
CUST957,140,1,120.0,4,5,3,453,Loyal Customers
CUST958,214,1,50.0,3,5,1,351,Loyal Customers
CUST959,65,1,60.0,5,5,2,552,Loyal Customers
CUST960,147,1,60.0,4,5,2,452,Loyal Customers
CUST961,210,1,200.0,3,5,3,353,Loyal Customers
CUST962,75,1,60.0,4,5,2,452,Loyal Customers
CUST963,49,1,50.0,5,5,1,551,Loyal Customers
CUST964,336,1,900.0,1,5,4,154,Loyal Customers
CUST965,54,1,200.0,5,5,3,553,Loyal Customers
CUST966,316,1,1000.0,1,5,4,154,Loyal Customers
CUST967,260,1,25.0,2,5,1,251,Loyal Customers
CUST968,46,1,900.0,5,5,4,554,Loyal Customers
CUST969,258,1,900.0,2,5,4,254,Loyal Customers
CUST970,231,1,2000.0,2,5,5,255,Loyal Customers
CUST971,28,1,200.0,5,5,3,553,Loyal Customers
CUST972,325,1,100.0,1,5,2,152,Loyal Customers
CUST973,286,1,50.0,2,5,1,251,Loyal Customers
CUST974,244,1,30.0,2,5,1,251,Loyal Customers
CUST975,278,1,200.0,2,5,3,253,Loyal Customers
CUST976,84,1,600.0,4,5,4,454,Loyal Customers
CUST977,328,1,75.0,1,5,2,152,Loyal Customers
CUST978,286,1,150.0,2,5,3,253,Loyal Customers
CUST979,365,1,25.0,1,5,1,151,Loyal Customers
CUST980,157,1,75.0,3,5,2,352,Loyal Customers
CUST981,136,1,60.0,4,5,2,452,Loyal Customers
CUST982,14,1,90.0,5,5,2,552,Loyal Customers
CUST983,62,1,300.0,5,5,4,554,Loyal Customers
CUST984,126,1,500.0,4,5,4,454,Loyal Customers
CUST985,217,1,50.0,3,5,1,351,Loyal Customers
CUST986,350,1,1000.0,1,5,4,154,Loyal Customers
CUST987,248,1,900.0,2,5,4,254,Loyal Customers
CUST988,219,1,75.0,3,5,2,352,Loyal Customers
CUST989,5,1,25.0,5,5,1,551,Loyal Customers
CUST990,222,1,1000.0,3,5,4,354,Loyal Customers
CUST991,7,1,100.0,5,5,2,552,Loyal Customers
CUST992,134,1,60.0,4,5,2,452,Loyal Customers
CUST993,330,1,150.0,1,5,3,153,Loyal Customers
CUST994,15,1,1000.0,5,5,4,554,Loyal Customers
CUST995,247,1,30.0,2,5,1,251,Loyal Customers
CUST996,231,1,50.0,2,5,1,251,Loyal Customers
CUST997,46,1,90.0,5,5,2,552,Loyal Customers
CUST998,65,1,100.0,5,5,2,552,Loyal Customers
CUST999,28,1,150.0,5,5,3,553,Loyal Customers
